{
    "key": "group_5f8b800b3698a",
    "title": "Theme Menu Adornments",
    "fields": [
        {
            "key": "field_5f8e02d28830b",
            "label": "Number of Columns",
            "name": "number_of_columns",
            "type": "number",
            "instructions": "How many columns you would like any subsequent, nested list items to be displayed in (the default is one, up to six).",
            "required": 0,
            "conditional_logic": 0,
            "wrapper": {
                "width": "",
                "class": "",
                "id": ""
            },
            "default_value": 1,
            "placeholder": "",
            "prepend": "",
            "append": "",
            "min": 1,
            "max": 6,
            "step": 1
        },
        {
            "key": "field_5f8d15a34c332",
            "label": "Adornment",
            "name": "adornment",
            "type": "select",
            "instructions": "",
            "required": 1,
            "conditional_logic": 0,
            "wrapper": {
                "width": "",
                "class": "mega_menu_toggle_visibility",
                "id": ""
            },
            "choices": {
                "none": "None",
                "call_to_action": "Call to Action"
            },
            "default_value": false,
            "allow_null": 0,
            "multiple": 0,
            "ui": 0,
            "return_format": "value",
            "ajax": 0,
            "placeholder": ""
        },
        {
            "key": "field_5f8d15f84e012",
            "label": "Call To Action",
            "name": "call_to_action",
            "type": "group",
            "instructions": "",
            "required": 0,
            "conditional_logic": [
                [
                    {
                        "field": "field_5f8d15a34c332",
                        "operator": "==",
                        "value": "call_to_action"
                    }
                ]
            ],
            "wrapper": {
                "width": "",
                "class": "mega_menu_toggle_visibility",
                "id": ""
            },
            "layout": "block",
            "sub_fields": [
                {
                    "key": "field_5f8d17a4b15fe",
                    "label": "Align Left\/Right",
                    "name": "align",
                    "type": "select",
                    "instructions": "",
                    "required": 0,
                    "conditional_logic": 0,
                    "wrapper": {
                        "width": "",
                        "class": "",
                        "id": ""
                    },
                    "choices": {
                        "left": "Left",
                        "right": "Right"
                    },
                    "default_value": "left",
                    "allow_null": 0,
                    "multiple": 0,
                    "ui": 0,
                    "return_format": "value",
                    "ajax": 0,
                    "placeholder": ""
                },
                {
                    "key": "field_5f8d160a4e013",
                    "label": "Background Image",
                    "name": "background_image",
                    "type": "image",
                    "instructions": "",
                    "required": 0,
                    "conditional_logic": 0,
                    "wrapper": {
                        "width": "",
                        "class": "",
                        "id": ""
                    },
                    "return_format": "array",
                    "preview_size": "medium",
                    "library": "all",
                    "min_width": 200,
                    "min_height": 200,
                    "min_size": "",
                    "max_width": 1500,
                    "max_height": 1500,
                    "max_size": "",
                    "mime_types": ""
                },
                {
                    "key": "field_5f8d172a7f41f",
                    "label": "Title Text",
                    "name": "title_text",
                    "type": "text",
                    "instructions": "",
                    "required": 0,
                    "conditional_logic": 0,
                    "wrapper": {
                        "width": "",
                        "class": "",
                        "id": ""
                    },
                    "default_value": "",
                    "placeholder": "",
                    "prepend": "",
                    "append": "",
                    "maxlength": ""
                },
                {
                    "key": "field_5f8d17427f420",
                    "label": "Body Text",
                    "name": "body_text",
                    "type": "text",
                    "instructions": "",
                    "required": 0,
                    "conditional_logic": 0,
                    "wrapper": {
                        "width": "",
                        "class": "",
                        "id": ""
                    },
                    "default_value": "",
                    "placeholder": "",
                    "prepend": "",
                    "append": "",
                    "maxlength": ""
                },
                {
                    "key": "field_5f8d16bc4ab08",
                    "label": "Button Link",
                    "name": "button_link",
                    "type": "link",
                    "instructions": "",
                    "required": 0,
                    "conditional_logic": 0,
                    "wrapper": {
                        "width": "",
                        "class": "",
                        "id": ""
                    },
                    "return_format": "array"
                }
            ]
        }
    ],
    "location": [
        [
            {
                "param": "menu_level",
                "operator": "==",
                "value": "0"
            }
        ]
    ],
    "menu_order": 0,
    "position": "normal",
    "style": "default",
    "label_placement": "top",
    "instruction_placement": "label",
    "hide_on_screen": "",
    "active": true,
    "description": "",
    "modified": 1624376825
}