{
    "key": "group_616bd48615214",
    "title": "Clickable Card Deck Block",
    "fields": [
        {
            "key": "field_616bd486222df",
            "label": "Card Width",
            "name": "width",
            "type": "number",
            "instructions": "Card Widths Inside the Deck (in pixels). All cards in a deck must be the same width, and this Card Deck width setting overrides any individual widths that is set on Card Blocks.",
            "required": 1,
            "conditional_logic": 0,
            "wrapper": {
                "width": "",
                "class": "",
                "id": ""
            },
            "default_value": 350,
            "placeholder": "",
            "prepend": "",
            "append": "",
            "min": "",
            "max": "",
            "step": ""
        }
    ],
    "location": [
        [
            {
                "param": "block",
                "operator": "==",
                "value": "acf\/uofi-card-deck-block"
            }
        ]
    ],
    "menu_order": 0,
    "position": "normal",
    "style": "default",
    "label_placement": "top",
    "instruction_placement": "label",
    "hide_on_screen": "",
    "active": true,
    "description": "",
    "modified": 1634966019
}