{
    "key": "group_5f2c353067009",
    "title": "Theme General Settings",
    "fields": [
        {
            "key": "field_5f51234a1d149",
            "label": "Secondary Site Title",
            "name": "secondary_site_title_group",
            "type": "group",
            "instructions": "Your Primary Site Title is managed in: Settings > General > Site Title. The optional Secondary Site Title (which can be linked) will show up above and smaller than the Primary Site Title.",
            "required": 0,
            "conditional_logic": 0,
            "wrapper": {
                "width": "",
                "class": "",
                "id": ""
            },
            "layout": "block",
            "sub_fields": [
                {
                    "key": "field_5f51270a55244",
                    "label": "Title",
                    "name": "secondary_site_title",
                    "type": "text",
                    "instructions": "",
                    "required": 0,
                    "conditional_logic": 0,
                    "wrapper": {
                        "width": "",
                        "class": "",
                        "id": ""
                    },
                    "default_value": "",
                    "placeholder": "",
                    "prepend": "",
                    "append": "",
                    "maxlength": ""
                },
                {
                    "key": "field_5f51271f55245",
                    "label": "Link",
                    "name": "secondary_site_link",
                    "type": "url",
                    "instructions": "",
                    "required": 0,
                    "conditional_logic": 0,
                    "wrapper": {
                        "width": "",
                        "class": "",
                        "id": ""
                    },
                    "default_value": "",
                    "placeholder": ""
                }
            ]
        },
        {
            "key": "field_6151f2b52bf72",
            "label": "Header Links",
            "name": "header_links",
            "type": "repeater",
            "instructions": "",
            "required": 0,
            "conditional_logic": 0,
            "wrapper": {
                "width": "",
                "class": "",
                "id": ""
            },
            "collapsed": "",
            "min": 0,
            "max": 0,
            "layout": "table",
            "button_label": "Add Link",
            "sub_fields": [
                {
                    "key": "field_6151f8732bf73",
                    "label": "Link",
                    "name": "link",
                    "type": "link",
                    "instructions": "",
                    "required": 0,
                    "conditional_logic": 0,
                    "wrapper": {
                        "width": "",
                        "class": "",
                        "id": ""
                    },
                    "return_format": "array"
                }
            ]
        },
        {
            "key": "field_5f639b2b42c8c",
            "label": "Enable Mega-Menu",
            "name": "use_theme_menu",
            "type": "true_false",
            "instructions": "",
            "required": 0,
            "conditional_logic": 0,
            "wrapper": {
                "width": "",
                "class": "",
                "id": ""
            },
            "message": "Enable Mega-Menu Items in the Site Navigation Menu",
            "default_value": 0,
            "ui": 0,
            "ui_on_text": "",
            "ui_off_text": ""
        },
        {
            "key": "field_5f6395b18c622",
            "label": "Sidebar (widgets) Defaults",
            "name": "sidebar_default",
            "type": "select",
            "instructions": "This is the site-wide default, but can be overridden for individual Pages\/Posts when editing them.",
            "required": 0,
            "conditional_logic": 0,
            "wrapper": {
                "width": "",
                "class": "",
                "id": ""
            },
            "choices": {
                "1": "Display Sidebar on all pages by default",
                "0": "Hide Sidebar on all pages by default"
            },
            "default_value": 1,
            "allow_null": 0,
            "multiple": 0,
            "ui": 0,
            "return_format": "value",
            "ajax": 0,
            "placeholder": ""
        },
        {
            "key": "field_5f2c38d7332bc",
            "label": "Footer Contents",
            "name": "footer_contents",
            "type": "group",
            "instructions": "<p>Example of where the following fields will appear in the footer:<\/p>\r\n<a href=\"\/wp-content\/themes\/uofi-2020\/images\/footer_example.png\" target=\"blank\"><img src=\"\/wp-content\/themes\/uofi-2020\/images\/footer_example.png\"\/><\/a>",
            "required": 0,
            "conditional_logic": 0,
            "wrapper": {
                "width": "",
                "class": "",
                "id": ""
            },
            "layout": "block",
            "sub_fields": [
                {
                    "key": "field_5f2c3b7340de9",
                    "label": "Address",
                    "name": "address",
                    "type": "group",
                    "instructions": "",
                    "required": 0,
                    "conditional_logic": 0,
                    "wrapper": {
                        "width": "",
                        "class": "",
                        "id": ""
                    },
                    "layout": "block",
                    "sub_fields": [
                        {
                            "key": "field_5f2c3ad5cb9c2",
                            "label": "Street Address Line One",
                            "name": "address_line_one",
                            "type": "text",
                            "instructions": "",
                            "required": 0,
                            "conditional_logic": 0,
                            "wrapper": {
                                "width": "",
                                "class": "",
                                "id": ""
                            },
                            "default_value": "",
                            "placeholder": "",
                            "prepend": "",
                            "append": "",
                            "maxlength": ""
                        },
                        {
                            "key": "field_5f2c3b13cb9c3",
                            "label": "Street Address Line Two",
                            "name": "address_line_two",
                            "type": "text",
                            "instructions": "",
                            "required": 0,
                            "conditional_logic": 0,
                            "wrapper": {
                                "width": "",
                                "class": "",
                                "id": ""
                            },
                            "default_value": "",
                            "placeholder": "",
                            "prepend": "",
                            "append": "",
                            "maxlength": ""
                        },
                        {
                            "key": "field_5f501fd5f1a6e",
                            "label": "City",
                            "name": "city",
                            "type": "text",
                            "instructions": "",
                            "required": 0,
                            "conditional_logic": 0,
                            "wrapper": {
                                "width": "",
                                "class": "",
                                "id": ""
                            },
                            "default_value": "",
                            "placeholder": "",
                            "prepend": "",
                            "append": "",
                            "maxlength": ""
                        },
                        {
                            "key": "field_5f501fdcf1a6f",
                            "label": "State",
                            "name": "state",
                            "type": "text",
                            "instructions": "",
                            "required": 0,
                            "conditional_logic": 0,
                            "wrapper": {
                                "width": "",
                                "class": "",
                                "id": ""
                            },
                            "default_value": "",
                            "placeholder": "",
                            "prepend": "",
                            "append": "",
                            "maxlength": ""
                        },
                        {
                            "key": "field_5f501fe3f1a70",
                            "label": "Zip code",
                            "name": "zip",
                            "type": "text",
                            "instructions": "",
                            "required": 0,
                            "conditional_logic": 0,
                            "wrapper": {
                                "width": "",
                                "class": "",
                                "id": ""
                            },
                            "default_value": "",
                            "placeholder": "",
                            "prepend": "",
                            "append": "",
                            "maxlength": ""
                        },
                        {
                            "key": "field_5f2c3b24012d9",
                            "label": "Contact this unit email address",
                            "name": "email_address",
                            "type": "email",
                            "instructions": "University policy requires all web sites hosted on university-provided equipment or services must provide either a phone number or email address that site visitors may report problems, concerns or violations to. Sites that fail to provide a valid email address that is monitored by a site administrator risk having their sites taken down.",
                            "required": 0,
                            "conditional_logic": 0,
                            "wrapper": {
                                "width": "",
                                "class": "",
                                "id": ""
                            },
                            "default_value": "",
                            "placeholder": "",
                            "prepend": "",
                            "append": ""
                        },
                        {
                            "key": "field_6154b76562409",
                            "label": "Phone Number",
                            "name": "phone",
                            "type": "text",
                            "instructions": "",
                            "required": 0,
                            "conditional_logic": 0,
                            "wrapper": {
                                "width": "",
                                "class": "",
                                "id": ""
                            },
                            "default_value": "",
                            "placeholder": "",
                            "prepend": "",
                            "append": "",
                            "maxlength": ""
                        }
                    ]
                },
                {
                    "key": "field_6154b8db7f9f2",
                    "label": "Social Media and Similar Services",
                    "name": "social_media",
                    "type": "repeater",
                    "instructions": "Here you can provide links to your social media (or similar) accounts. All you need to do is provide the link to your account along with a name for the service (e.g. Facebook, Instagram, etc.) as the link text. Links to most platforms will be presented as the social media icon for that platform. For unrecognized platforms, the link will show up as the name you provide for the service.",
                    "required": 0,
                    "conditional_logic": 0,
                    "wrapper": {
                        "width": "",
                        "class": "",
                        "id": ""
                    },
                    "collapsed": "",
                    "min": 0,
                    "max": 0,
                    "layout": "table",
                    "button_label": "Add An Account",
                    "sub_fields": [
                        {
                            "key": "field_6154b9a47f9f3",
                            "label": "Link to Your Account",
                            "name": "link",
                            "type": "link",
                            "instructions": "",
                            "required": 0,
                            "conditional_logic": 0,
                            "wrapper": {
                                "width": "",
                                "class": "",
                                "id": ""
                            },
                            "return_format": "array"
                        }
                    ]
                },
                {
                    "key": "field_6154bb5183582",
                    "label": "Related Units and Organizations",
                    "name": "related",
                    "type": "repeater",
                    "instructions": "Many units use this section to show their relationship to their parent units\/college, affiliates or otherwise related organizations.",
                    "required": 0,
                    "conditional_logic": 0,
                    "wrapper": {
                        "width": "",
                        "class": "",
                        "id": ""
                    },
                    "collapsed": "",
                    "min": 0,
                    "max": 0,
                    "layout": "table",
                    "button_label": "Add Organization Link",
                    "sub_fields": [
                        {
                            "key": "field_6154bcd983583",
                            "label": "link",
                            "name": "link",
                            "type": "link",
                            "instructions": "",
                            "required": 0,
                            "conditional_logic": 0,
                            "wrapper": {
                                "width": "",
                                "class": "",
                                "id": ""
                            },
                            "return_format": "array"
                        }
                    ]
                },
                {
                    "key": "field_5f3d74120e0bf",
                    "label": "Footer Sections",
                    "name": "footer_sections",
                    "type": "repeater",
                    "instructions": "Each footer section (maximum of 4) will appear in a responsive grid to the right of the Address\/Contact information.",
                    "required": 0,
                    "conditional_logic": 0,
                    "wrapper": {
                        "width": "",
                        "class": "",
                        "id": ""
                    },
                    "collapsed": "",
                    "min": 0,
                    "max": 0,
                    "layout": "block",
                    "button_label": "Add Section",
                    "sub_fields": [
                        {
                            "key": "field_6154e56fec1a2",
                            "label": "Navigation Section or Freeform Section",
                            "name": "navigation_section_or_freeform_section",
                            "type": "radio",
                            "instructions": "Navigation elements only allow a section title and links, but they receive some additional markup that assists screen readers and automated systems understand what the links you are providing are for. Freeform Sections allow you to insert any content you wish.",
                            "required": 0,
                            "conditional_logic": 0,
                            "wrapper": {
                                "width": "",
                                "class": "",
                                "id": ""
                            },
                            "choices": {
                                "freeform": "Freeform Section",
                                "navigation": "Navigation Element"
                            },
                            "allow_null": 0,
                            "other_choice": 0,
                            "default_value": "",
                            "layout": "vertical",
                            "return_format": "value",
                            "save_other_choice": 0
                        },
                        {
                            "key": "field_5f3d74480e0c0",
                            "label": "Section",
                            "name": "footer_section",
                            "type": "wysiwyg",
                            "instructions": "",
                            "required": 0,
                            "conditional_logic": [
                                [
                                    {
                                        "field": "field_6154e56fec1a2",
                                        "operator": "!=",
                                        "value": "navigation"
                                    }
                                ]
                            ],
                            "wrapper": {
                                "width": "",
                                "class": "",
                                "id": ""
                            },
                            "default_value": "",
                            "tabs": "all",
                            "toolbar": "full",
                            "media_upload": 1,
                            "delay": 0
                        },
                        {
                            "key": "field_6154e6f6c63d4",
                            "label": "Navigation Element Title",
                            "name": "nav_title",
                            "type": "text",
                            "instructions": "",
                            "required": 0,
                            "conditional_logic": [
                                [
                                    {
                                        "field": "field_6154e56fec1a2",
                                        "operator": "==",
                                        "value": "navigation"
                                    }
                                ]
                            ],
                            "wrapper": {
                                "width": "",
                                "class": "",
                                "id": ""
                            },
                            "default_value": "",
                            "placeholder": "",
                            "prepend": "",
                            "append": "",
                            "maxlength": ""
                        },
                        {
                            "key": "field_6154e70cc63d5",
                            "label": "Links",
                            "name": "links",
                            "type": "repeater",
                            "instructions": "",
                            "required": 0,
                            "conditional_logic": [
                                [
                                    {
                                        "field": "field_6154e56fec1a2",
                                        "operator": "==",
                                        "value": "navigation"
                                    }
                                ]
                            ],
                            "wrapper": {
                                "width": "",
                                "class": "",
                                "id": ""
                            },
                            "collapsed": "",
                            "min": 0,
                            "max": 0,
                            "layout": "table",
                            "button_label": "Add Link",
                            "sub_fields": [
                                {
                                    "key": "field_6154e724c63d6",
                                    "label": "Link",
                                    "name": "link",
                                    "type": "link",
                                    "instructions": "",
                                    "required": 0,
                                    "conditional_logic": 0,
                                    "wrapper": {
                                        "width": "",
                                        "class": "",
                                        "id": ""
                                    },
                                    "return_format": "array"
                                }
                            ]
                        }
                    ]
                },
                {
                    "key": "field_5f6bae6352b4f",
                    "label": "Sub-footer Links",
                    "name": "sub_footer_links",
                    "type": "group",
                    "instructions": "",
                    "required": 0,
                    "conditional_logic": 0,
                    "wrapper": {
                        "width": "",
                        "class": "",
                        "id": ""
                    },
                    "layout": "block",
                    "sub_fields": [
                        {
                            "key": "field_6155382d47bc1",
                            "label": "Show Log In Link",
                            "name": "show_log_in_link",
                            "type": "true_false",
                            "instructions": "",
                            "required": 0,
                            "conditional_logic": 0,
                            "wrapper": {
                                "width": "",
                                "class": "",
                                "id": ""
                            },
                            "message": "Display \"Log In\" link in site footer to log in to the Site Dashboard (this interface)",
                            "default_value": 0,
                            "ui": 0,
                            "ui_on_text": "",
                            "ui_off_text": ""
                        },
                        {
                            "key": "field_5f6baec752b51",
                            "label": "Additional Sub-Footer Links",
                            "name": "sub_footer_links",
                            "type": "repeater",
                            "instructions": "This is for University\/Organization Level links (legal notices, policies, etc.) Use the normal Footer Sections or site menu for you site\/sub-unit navigation links.",
                            "required": 0,
                            "conditional_logic": 0,
                            "wrapper": {
                                "width": "",
                                "class": "",
                                "id": ""
                            },
                            "collapsed": "",
                            "min": 0,
                            "max": 0,
                            "layout": "table",
                            "button_label": "Add Link",
                            "sub_fields": [
                                {
                                    "key": "field_5f6baef252b52",
                                    "label": "Link",
                                    "name": "link",
                                    "type": "link",
                                    "instructions": "",
                                    "required": 0,
                                    "conditional_logic": 0,
                                    "wrapper": {
                                        "width": "",
                                        "class": "",
                                        "id": ""
                                    },
                                    "return_format": "array"
                                }
                            ]
                        }
                    ]
                }
            ]
        },
        {
            "key": "field_6054def19732d",
            "label": "Site Security Settings",
            "name": "site_security_settings",
            "type": "group",
            "instructions": "These setting will allow you to enable certain features of WordPress that this theme disables by default. If you don't know what these settings are for, we strongly suggest you leave them at their default value.",
            "required": 0,
            "conditional_logic": 0,
            "wrapper": {
                "width": "",
                "class": "",
                "id": ""
            },
            "layout": "block",
            "sub_fields": [
                {
                    "key": "field_6054df789732e",
                    "label": "Disable XML-RPC",
                    "name": "disable_xml-rpc",
                    "type": "true_false",
                    "instructions": "This is an outdated way to interact with WP-- if a plugin is using this and requires it, it is probably an outdated plugin you shouldn't be using.",
                    "required": 0,
                    "conditional_logic": 0,
                    "wrapper": {
                        "width": "",
                        "class": "",
                        "id": ""
                    },
                    "message": "Disable XML-RPC",
                    "default_value": 1,
                    "ui": 0,
                    "ui_on_text": "",
                    "ui_off_text": ""
                }
            ]
        },
        {
            "key": "field_61535b1def5fc",
            "label": "Advanced Settings",
            "name": "advanced_settings",
            "type": "checkbox",
            "instructions": "Chances are you will not need to ever look at these advanced settings. If you do, we suggest you make sure to note the current advanced settings before making changes, so you can return to those values if changes to these settings have negative effects on the layout, presentation or functioning of your site.",
            "required": 0,
            "conditional_logic": 0,
            "wrapper": {
                "width": "",
                "class": "",
                "id": ""
            },
            "choices": {
                "1": "Show Advanced Settings"
            },
            "allow_custom": 0,
            "default_value": [],
            "layout": "vertical",
            "toggle": 0,
            "return_format": "value",
            "save_custom": 0
        },
        {
            "key": "field_61535ba400e7a",
            "label": "Do Not Wrap Blocks",
            "name": "no_wrap_blocks",
            "type": "repeater",
            "instructions": "This theme wraps blocks in a wrapper element, to allow for and ensure proper layout of top level page elements. In some cases, the insertion of an additional \"wrapper div\" around some inner content blocks can interfere with the proper targeting of CSS selectors for that content, resulting in undesirable internal layouts. Any blocks listed here (by their block slug name; if you aren't sure how to figure out what that is, please open a ticket with the Technology Services Help Desk, <a href=\"https:\/\/help.illinois.edu\">https:\/\/help.illinois.edu<\/a> ) will be allowed to bypass the \"wrapper div.\" Note: If you apply this to classes that are used on top-level (outer) blocks, you may end up with undesirable layout\/alignment of those top level (outer) blocks.",
            "required": 0,
            "conditional_logic": [
                [
                    {
                        "field": "field_61535b1def5fc",
                        "operator": "==",
                        "value": "1"
                    }
                ]
            ],
            "wrapper": {
                "width": "",
                "class": "",
                "id": ""
            },
            "collapsed": "",
            "min": 0,
            "max": 0,
            "layout": "table",
            "button_label": "Add A Block",
            "sub_fields": [
                {
                    "key": "field_61535cbb25927",
                    "label": "Inner Blocks Not to be Placed Inside a Wrapper Div",
                    "name": "no_wrapper_block",
                    "type": "text",
                    "instructions": "",
                    "required": 0,
                    "conditional_logic": 0,
                    "wrapper": {
                        "width": "",
                        "class": "",
                        "id": ""
                    },
                    "default_value": "",
                    "placeholder": "",
                    "prepend": "",
                    "append": "",
                    "maxlength": ""
                }
            ]
        },
        {
            "key": "field_6171a411ffb23",
            "label": "Do Not .il-format Blocks",
            "name": "no_il_format",
            "type": "repeater",
            "instructions": "This theme wraps blocks in a wrapper element, to allow for and ensure proper layout of top level page elements, and the include, by default, the il-format class that applies CSS for University branding to that content. In some cases, this CSS can interfere with the display of custom blocks (only for blocks that have been added to your site with plugins, not core WP blocks or Illinois Theme Blocks), resulting in undesirable internal layouts. Any blocks listed here (by their block slug name; if you aren't sure how to figure out what that is, please open a ticket with the Technology Services Help Desk, <a href=\"https:\/\/help.illinois.edu\">https:\/\/help.illinois.edu<\/a> ) will be allowed to bypass the \"il-format\" class.",
            "required": 0,
            "conditional_logic": [
                [
                    {
                        "field": "field_61535b1def5fc",
                        "operator": "==",
                        "value": "1"
                    }
                ]
            ],
            "wrapper": {
                "width": "",
                "class": "",
                "id": ""
            },
            "collapsed": "",
            "min": 0,
            "max": 0,
            "layout": "table",
            "button_label": "Add A Block",
            "sub_fields": [
                {
                    "key": "field_6171a411ffb24",
                    "label": "Blocks Not to be .il-format-ed",
                    "name": "no_il_format_block",
                    "type": "text",
                    "instructions": "",
                    "required": 0,
                    "conditional_logic": 0,
                    "wrapper": {
                        "width": "",
                        "class": "",
                        "id": ""
                    },
                    "default_value": "",
                    "placeholder": "",
                    "prepend": "",
                    "append": "",
                    "maxlength": ""
                }
            ]
        }
    ],
    "location": [
        [
            {
                "param": "options_page",
                "operator": "==",
                "value": "theme-general-settings"
            }
        ]
    ],
    "menu_order": 0,
    "position": "normal",
    "style": "seamless",
    "label_placement": "top",
    "instruction_placement": "label",
    "hide_on_screen": "",
    "active": true,
    "description": "",
    "modified": 1634837907
}