{
    "key": "group_5f62d9958e83a",
    "title": "U of I Theme Options",
    "fields": [
        {
            "key": "field_5f62d9ad8fdc0",
            "label": "Page Title",
            "name": "suppress_page_title",
            "type": "true_false",
            "instructions": "This will visibly suppress the Page Title, but still leave the content available for screen readers and other assistive technologies. Most often used when the first element in the page includes a title (like a Hero block\/image).",
            "required": 0,
            "conditional_logic": 0,
            "wrapper": {
                "width": "",
                "class": "",
                "id": ""
            },
            "message": "Suppress Page Title",
            "default_value": 0,
            "ui": 0,
            "ui_on_text": "",
            "ui_off_text": ""
        },
        {
            "key": "field_5f62dcfe7e474",
            "label": "Sidebar",
            "name": "suppress_sidebar",
            "type": "select",
            "instructions": "By default, this is controlled by the site-wide setting managed in \"Theme Settings.\" You may override that site default here.",
            "required": 0,
            "conditional_logic": 0,
            "wrapper": {
                "width": "",
                "class": "",
                "id": ""
            },
            "choices": [
                "Use Site Default",
                "Hide Sidebar",
                "Show Sidebar"
            ],
            "default_value": 0,
            "allow_null": 0,
            "multiple": 0,
            "ui": 0,
            "return_format": "value",
            "ajax": 0,
            "placeholder": ""
        },
        {
            "key": "field_610aff960da3b",
            "label": "Featured Image Options",
            "name": "featured_image_options",
            "type": "group",
            "instructions": "",
            "required": 0,
            "conditional_logic": 0,
            "wrapper": {
                "width": "",
                "class": "",
                "id": ""
            },
            "layout": "block",
            "sub_fields": [
                {
                    "key": "field_610affac0da3c",
                    "label": "Display Style",
                    "name": "display_style",
                    "type": "select",
                    "instructions": "",
                    "required": 0,
                    "conditional_logic": 0,
                    "wrapper": {
                        "width": "",
                        "class": "",
                        "id": ""
                    },
                    "choices": {
                        "page": "Full Page Width",
                        "screen": "Full Screen Width",
                        "left": "Left Aligned",
                        "right": "Right Aligned"
                    },
                    "default_value": "left",
                    "allow_null": 0,
                    "multiple": 0,
                    "ui": 0,
                    "return_format": "value",
                    "ajax": 0,
                    "placeholder": ""
                }
            ]
        }
    ],
    "location": [
        [
            {
                "param": "post_type",
                "operator": "==",
                "value": "post"
            }
        ],
        [
            {
                "param": "post_type",
                "operator": "==",
                "value": "page"
            }
        ]
    ],
    "menu_order": 0,
    "position": "side",
    "style": "default",
    "label_placement": "top",
    "instruction_placement": "label",
    "hide_on_screen": "",
    "active": true,
    "description": "",
    "modified": 1631648128
}